1660496645,Quốc Huy,0397502235,75 Nguyễn Văn Linh,2022-08-14T17:04:58.264Z
1660499251,Hoàng,0987654321,23,2022-08-14T17:47:53.970Z
1660500396,huy,0987654321,h,2022-08-14T18:06:57.212Z
1660500581,huy,0987654321,1,2022-08-14T18:09:56.606Z
1660500758,h,0987654321,1,2022-08-14T18:12:53.890Z
1660500868,s,0987654321,1,2022-08-14T18:14:44.029Z
1660501460,k,0987654321,mm,2022-08-14T18:24:36.366Z
1660501918,f,0987654321,1,2022-08-14T18:32:11.013Z
1660502222,j,0987654321,1,2022-08-14T18:37:17.997Z
1660502330,f,0987654321,1,2022-08-14T18:39:03.370Z
1660502420,g,0987654321,f,2022-08-14T18:40:31.843Z
1660503082,s,0987654321,1,2022-08-14T18:51:34.553Z
1660503179,s,0987654321,s,2022-08-14T18:53:09.453Z
1660503266,s,0987654321,1,2022-08-14T18:54:39.913Z
1660503321,s,0987654321,1,2022-08-14T18:55:31.013Z
1660503352,2,0987654321,1,2022-08-14T18:56:02.077Z
1660504077,Nguyễn Đình Quốc Huy,0397502235,75 Nguyễn Văn Linh,2022-08-14T19:08:42.497Z
1660504200,huy,0987654321,1,2022-08-14T19:10:13.040Z
